Year,YearID,CountryID,Country,W,M,X,T
1924-01-01,0,0,Austria,1.0,1.0,1.0,3.0
1924-01-01,0,1,Belgium,0.0,1.0,0.0,1.0
1924-01-01,0,2,Canada,0.0,1.0,0.0,1.0
1924-01-01,0,3,Finland,0.0,10.0,1.0,11.0
1924-01-01,0,4,France,0.0,2.0,1.0,3.0
1924-01-01,0,5,United Kingdom,1.0,3.0,0.0,4.0
1924-01-01,0,6,Norway,0.0,17.0,0.0,17.0
1924-01-01,0,7,Switzerland,0.0,3.0,0.0,3.0
1924-01-01,0,8,Sweden,0.0,2.0,0.0,2.0
1924-01-01,0,9,United States,1.0,3.0,0.0,4.0
1924-01-01,0,10,Germany,0.0,0.0,0.0,0.0
1924-01-01,0,11,Czechoslovakia,0.0,0.0,0.0,0.0
1924-01-01,0,12,Hungary,0.0,0.0,0.0,0.0
1924-01-01,0,13,Italy,0.0,0.0,0.0,0.0
1924-01-01,0,14,West Germany,0.0,0.0,0.0,0.0
1924-01-01,0,15,Netherlands,0.0,0.0,0.0,0.0
1924-01-01,0,16,Unified Team of Germany,0.0,0.0,0.0,0.0
1924-01-01,0,17,Japan,0.0,0.0,0.0,0.0
1924-01-01,0,18,Poland,0.0,0.0,0.0,0.0
1924-01-01,0,19,Soviet Union,0.0,0.0,0.0,0.0
1924-01-01,0,20,"Korea, North",0.0,0.0,0.0,0.0
1924-01-01,0,21,East Germany,0.0,0.0,0.0,0.0
1924-01-01,0,22,Romania,0.0,0.0,0.0,0.0
1924-01-01,0,23,Spain,0.0,0.0,0.0,0.0
1924-01-01,0,24,Liechtenstein,0.0,0.0,0.0,0.0
1924-01-01,0,25,Bulgaria,0.0,0.0,0.0,0.0
1924-01-01,0,26,Yugoslavia,0.0,0.0,0.0,0.0
1924-01-01,0,27,China,0.0,0.0,0.0,0.0
1924-01-01,0,28,Unified Team,0.0,0.0,0.0,0.0
1924-01-01,0,29,"Korea, South",0.0,0.0,0.0,0.0
1924-01-01,0,30,Luxembourg,0.0,0.0,0.0,0.0
1924-01-01,0,31,New Zealand,0.0,0.0,0.0,0.0
1924-01-01,0,32,Australia,0.0,0.0,0.0,0.0
1924-01-01,0,33,Belarus,0.0,0.0,0.0,0.0
1924-01-01,0,34,Kazakhstan,0.0,0.0,0.0,0.0
1924-01-01,0,35,Russia,0.0,0.0,0.0,0.0
1924-01-01,0,36,Slovenia,0.0,0.0,0.0,0.0
1924-01-01,0,37,Ukraine,0.0,0.0,0.0,0.0
1924-01-01,0,38,Uzbekistan,0.0,0.0,0.0,0.0
1924-01-01,0,39,Czech Republic,0.0,0.0,0.0,0.0
1924-01-01,0,40,Denmark,0.0,0.0,0.0,0.0
1924-01-01,0,41,Croatia,0.0,0.0,0.0,0.0
1924-01-01,0,42,Estonia,0.0,0.0,0.0,0.0
1924-01-01,0,43,Latvia,0.0,0.0,0.0,0.0
1924-01-01,0,44,Slovakia,0.0,0.0,0.0,0.0
1928-01-01,1,0,Austria,1.0,1.0,2.0,4.0
1928-01-01,1,1,Belgium,0.0,1.0,0.0,1.0
1928-01-01,1,2,Canada,0.0,1.0,0.0,1.0
1928-01-01,1,3,Finland,0.0,4.0,0.0,4.0
1928-01-01,1,4,France,0.0,0.0,1.0,1.0
1928-01-01,1,5,United Kingdom,0.0,1.0,0.0,1.0
1928-01-01,1,6,Norway,1.0,14.0,0.0,15.0
1928-01-01,1,7,Switzerland,0.0,1.0,0.0,1.0
1928-01-01,1,8,Sweden,0.0,5.0,0.0,5.0
1928-01-01,1,9,United States,1.0,5.0,0.0,6.0
1928-01-01,1,10,Germany,0.0,1.0,0.0,1.0
1928-01-01,1,11,Czechoslovakia,0.0,1.0,0.0,1.0
1928-01-01,1,12,Hungary,0.0,0.0,0.0,0.0
1928-01-01,1,13,Italy,0.0,0.0,0.0,0.0
1928-01-01,1,14,West Germany,0.0,0.0,0.0,0.0
1928-01-01,1,15,Netherlands,0.0,0.0,0.0,0.0
1928-01-01,1,16,Unified Team of Germany,0.0,0.0,0.0,0.0
1928-01-01,1,17,Japan,0.0,0.0,0.0,0.0
1928-01-01,1,18,Poland,0.0,0.0,0.0,0.0
1928-01-01,1,19,Soviet Union,0.0,0.0,0.0,0.0
1928-01-01,1,20,"Korea, North",0.0,0.0,0.0,0.0
1928-01-01,1,21,East Germany,0.0,0.0,0.0,0.0
1928-01-01,1,22,Romania,0.0,0.0,0.0,0.0
1928-01-01,1,23,Spain,0.0,0.0,0.0,0.0
1928-01-01,1,24,Liechtenstein,0.0,0.0,0.0,0.0
1928-01-01,1,25,Bulgaria,0.0,0.0,0.0,0.0
1928-01-01,1,26,Yugoslavia,0.0,0.0,0.0,0.0
1928-01-01,1,27,China,0.0,0.0,0.0,0.0
1928-01-01,1,28,Unified Team,0.0,0.0,0.0,0.0
1928-01-01,1,29,"Korea, South",0.0,0.0,0.0,0.0
1928-01-01,1,30,Luxembourg,0.0,0.0,0.0,0.0
1928-01-01,1,31,New Zealand,0.0,0.0,0.0,0.0
1928-01-01,1,32,Australia,0.0,0.0,0.0,0.0
1928-01-01,1,33,Belarus,0.0,0.0,0.0,0.0
1928-01-01,1,34,Kazakhstan,0.0,0.0,0.0,0.0
1928-01-01,1,35,Russia,0.0,0.0,0.0,0.0
1928-01-01,1,36,Slovenia,0.0,0.0,0.0,0.0
1928-01-01,1,37,Ukraine,0.0,0.0,0.0,0.0
1928-01-01,1,38,Uzbekistan,0.0,0.0,0.0,0.0
1928-01-01,1,39,Czech Republic,0.0,0.0,0.0,0.0
1928-01-01,1,40,Denmark,0.0,0.0,0.0,0.0
1928-01-01,1,41,Croatia,0.0,0.0,0.0,0.0
1928-01-01,1,42,Estonia,0.0,0.0,0.0,0.0
1928-01-01,1,43,Latvia,0.0,0.0,0.0,0.0
1928-01-01,1,44,Slovakia,0.0,0.0,0.0,0.0
1932-01-01,2,0,Austria,1.0,1.0,0.0,2.0
1932-01-01,2,1,Belgium,0.0,0.0,0.0,0.0
1932-01-01,2,2,Canada,0.0,7.0,0.0,7.0
1932-01-01,2,3,Finland,0.0,3.0,0.0,3.0
1932-01-01,2,4,France,0.0,0.0,1.0,1.0
1932-01-01,2,5,United Kingdom,0.0,0.0,0.0,0.0
1932-01-01,2,6,Norway,1.0,9.0,0.0,10.0
1932-01-01,2,7,Switzerland,0.0,1.0,0.0,1.0
1932-01-01,2,8,Sweden,0.0,3.0,0.0,3.0
1932-01-01,2,9,United States,1.0,10.0,1.0,12.0
1932-01-01,2,10,Germany,0.0,2.0,0.0,2.0
1932-01-01,2,11,Czechoslovakia,0.0,0.0,0.0,0.0
1932-01-01,2,12,Hungary,0.0,0.0,1.0,1.0
1932-01-01,2,13,Italy,0.0,0.0,0.0,0.0
1932-01-01,2,14,West Germany,0.0,0.0,0.0,0.0
1932-01-01,2,15,Netherlands,0.0,0.0,0.0,0.0
1932-01-01,2,16,Unified Team of Germany,0.0,0.0,0.0,0.0
1932-01-01,2,17,Japan,0.0,0.0,0.0,0.0
1932-01-01,2,18,Poland,0.0,0.0,0.0,0.0
1932-01-01,2,19,Soviet Union,0.0,0.0,0.0,0.0
1932-01-01,2,20,"Korea, North",0.0,0.0,0.0,0.0
1932-01-01,2,21,East Germany,0.0,0.0,0.0,0.0
1932-01-01,2,22,Romania,0.0,0.0,0.0,0.0
1932-01-01,2,23,Spain,0.0,0.0,0.0,0.0
1932-01-01,2,24,Liechtenstein,0.0,0.0,0.0,0.0
1932-01-01,2,25,Bulgaria,0.0,0.0,0.0,0.0
1932-01-01,2,26,Yugoslavia,0.0,0.0,0.0,0.0
1932-01-01,2,27,China,0.0,0.0,0.0,0.0
1932-01-01,2,28,Unified Team,0.0,0.0,0.0,0.0
1932-01-01,2,29,"Korea, South",0.0,0.0,0.0,0.0
1932-01-01,2,30,Luxembourg,0.0,0.0,0.0,0.0
1932-01-01,2,31,New Zealand,0.0,0.0,0.0,0.0
1932-01-01,2,32,Australia,0.0,0.0,0.0,0.0
1932-01-01,2,33,Belarus,0.0,0.0,0.0,0.0
1932-01-01,2,34,Kazakhstan,0.0,0.0,0.0,0.0
1932-01-01,2,35,Russia,0.0,0.0,0.0,0.0
1932-01-01,2,36,Slovenia,0.0,0.0,0.0,0.0
1932-01-01,2,37,Ukraine,0.0,0.0,0.0,0.0
1932-01-01,2,38,Uzbekistan,0.0,0.0,0.0,0.0
1932-01-01,2,39,Czech Republic,0.0,0.0,0.0,0.0
1932-01-01,2,40,Denmark,0.0,0.0,0.0,0.0
1932-01-01,2,41,Croatia,0.0,0.0,0.0,0.0
1932-01-01,2,42,Estonia,0.0,0.0,0.0,0.0
1932-01-01,2,43,Latvia,0.0,0.0,0.0,0.0
1932-01-01,2,44,Slovakia,0.0,0.0,0.0,0.0
1936-01-01,3,0,Austria,0.0,3.0,1.0,4.0
1936-01-01,3,1,Belgium,0.0,0.0,0.0,0.0
1936-01-01,3,2,Canada,0.0,1.0,0.0,1.0
1936-01-01,3,3,Finland,0.0,6.0,0.0,6.0
1936-01-01,3,4,France,0.0,1.0,0.0,1.0
1936-01-01,3,5,United Kingdom,1.0,2.0,0.0,3.0
1936-01-01,3,6,Norway,2.0,13.0,0.0,15.0
1936-01-01,3,7,Switzerland,0.0,3.0,0.0,3.0
1936-01-01,3,8,Sweden,1.0,6.0,0.0,7.0
1936-01-01,3,9,United States,0.0,4.0,0.0,4.0
1936-01-01,3,10,Germany,2.0,3.0,1.0,6.0
1936-01-01,3,11,Czechoslovakia,0.0,0.0,0.0,0.0
1936-01-01,3,12,Hungary,0.0,0.0,1.0,1.0
1936-01-01,3,13,Italy,0.0,0.0,0.0,0.0
1936-01-01,3,14,West Germany,0.0,0.0,0.0,0.0
1936-01-01,3,15,Netherlands,0.0,0.0,0.0,0.0
1936-01-01,3,16,Unified Team of Germany,0.0,0.0,0.0,0.0
1936-01-01,3,17,Japan,0.0,0.0,0.0,0.0
1936-01-01,3,18,Poland,0.0,0.0,0.0,0.0
1936-01-01,3,19,Soviet Union,0.0,0.0,0.0,0.0
1936-01-01,3,20,"Korea, North",0.0,0.0,0.0,0.0
1936-01-01,3,21,East Germany,0.0,0.0,0.0,0.0
1936-01-01,3,22,Romania,0.0,0.0,0.0,0.0
1936-01-01,3,23,Spain,0.0,0.0,0.0,0.0
1936-01-01,3,24,Liechtenstein,0.0,0.0,0.0,0.0
1936-01-01,3,25,Bulgaria,0.0,0.0,0.0,0.0
1936-01-01,3,26,Yugoslavia,0.0,0.0,0.0,0.0
1936-01-01,3,27,China,0.0,0.0,0.0,0.0
1936-01-01,3,28,Unified Team,0.0,0.0,0.0,0.0
1936-01-01,3,29,"Korea, South",0.0,0.0,0.0,0.0
1936-01-01,3,30,Luxembourg,0.0,0.0,0.0,0.0
1936-01-01,3,31,New Zealand,0.0,0.0,0.0,0.0
1936-01-01,3,32,Australia,0.0,0.0,0.0,0.0
1936-01-01,3,33,Belarus,0.0,0.0,0.0,0.0
1936-01-01,3,34,Kazakhstan,0.0,0.0,0.0,0.0
1936-01-01,3,35,Russia,0.0,0.0,0.0,0.0
1936-01-01,3,36,Slovenia,0.0,0.0,0.0,0.0
1936-01-01,3,37,Ukraine,0.0,0.0,0.0,0.0
1936-01-01,3,38,Uzbekistan,0.0,0.0,0.0,0.0
1936-01-01,3,39,Czech Republic,0.0,0.0,0.0,0.0
1936-01-01,3,40,Denmark,0.0,0.0,0.0,0.0
1936-01-01,3,41,Croatia,0.0,0.0,0.0,0.0
1936-01-01,3,42,Estonia,0.0,0.0,0.0,0.0
1936-01-01,3,43,Latvia,0.0,0.0,0.0,0.0
1936-01-01,3,44,Slovakia,0.0,0.0,0.0,0.0
1948-01-01,4,0,Austria,6.0,2.0,0.0,8.0
1948-01-01,4,1,Belgium,0.0,1.0,1.0,2.0
1948-01-01,4,2,Canada,1.0,1.0,1.0,3.0
1948-01-01,4,3,Finland,0.0,6.0,0.0,6.0
1948-01-01,4,4,France,0.0,5.0,0.0,5.0
1948-01-01,4,5,United Kingdom,1.0,1.0,0.0,2.0
1948-01-01,4,6,Norway,0.0,10.0,0.0,10.0
1948-01-01,4,7,Switzerland,2.0,8.0,0.0,10.0
1948-01-01,4,8,Sweden,0.0,10.0,0.0,10.0
1948-01-01,4,9,United States,2.0,7.0,0.0,9.0
1948-01-01,4,10,Germany,0.0,0.0,0.0,0.0
1948-01-01,4,11,Czechoslovakia,0.0,1.0,0.0,1.0
1948-01-01,4,12,Hungary,0.0,0.0,1.0,1.0
1948-01-01,4,13,Italy,0.0,1.0,0.0,1.0
1948-01-01,4,14,West Germany,0.0,0.0,0.0,0.0
1948-01-01,4,15,Netherlands,0.0,0.0,0.0,0.0
1948-01-01,4,16,Unified Team of Germany,0.0,0.0,0.0,0.0
1948-01-01,4,17,Japan,0.0,0.0,0.0,0.0
1948-01-01,4,18,Poland,0.0,0.0,0.0,0.0
1948-01-01,4,19,Soviet Union,0.0,0.0,0.0,0.0
1948-01-01,4,20,"Korea, North",0.0,0.0,0.0,0.0
1948-01-01,4,21,East Germany,0.0,0.0,0.0,0.0
1948-01-01,4,22,Romania,0.0,0.0,0.0,0.0
1948-01-01,4,23,Spain,0.0,0.0,0.0,0.0
1948-01-01,4,24,Liechtenstein,0.0,0.0,0.0,0.0
1948-01-01,4,25,Bulgaria,0.0,0.0,0.0,0.0
1948-01-01,4,26,Yugoslavia,0.0,0.0,0.0,0.0
1948-01-01,4,27,China,0.0,0.0,0.0,0.0
1948-01-01,4,28,Unified Team,0.0,0.0,0.0,0.0
1948-01-01,4,29,"Korea, South",0.0,0.0,0.0,0.0
1948-01-01,4,30,Luxembourg,0.0,0.0,0.0,0.0
1948-01-01,4,31,New Zealand,0.0,0.0,0.0,0.0
1948-01-01,4,32,Australia,0.0,0.0,0.0,0.0
1948-01-01,4,33,Belarus,0.0,0.0,0.0,0.0
1948-01-01,4,34,Kazakhstan,0.0,0.0,0.0,0.0
1948-01-01,4,35,Russia,0.0,0.0,0.0,0.0
1948-01-01,4,36,Slovenia,0.0,0.0,0.0,0.0
1948-01-01,4,37,Ukraine,0.0,0.0,0.0,0.0
1948-01-01,4,38,Uzbekistan,0.0,0.0,0.0,0.0
1948-01-01,4,39,Czech Republic,0.0,0.0,0.0,0.0
1948-01-01,4,40,Denmark,0.0,0.0,0.0,0.0
1948-01-01,4,41,Croatia,0.0,0.0,0.0,0.0
1948-01-01,4,42,Estonia,0.0,0.0,0.0,0.0
1948-01-01,4,43,Latvia,0.0,0.0,0.0,0.0
1948-01-01,4,44,Slovakia,0.0,0.0,0.0,0.0
1952-01-01,5,0,Austria,2.0,6.0,0.0,8.0
1952-01-01,5,1,Belgium,0.0,0.0,0.0,0.0
1952-01-01,5,2,Canada,0.0,2.0,0.0,2.0
1952-01-01,5,3,Finland,3.0,6.0,0.0,9.0
1952-01-01,5,4,France,1.0,0.0,0.0,1.0
1952-01-01,5,5,United Kingdom,1.0,0.0,0.0,1.0
1952-01-01,5,6,Norway,0.0,16.0,0.0,16.0
1952-01-01,5,7,Switzerland,0.0,2.0,0.0,2.0
1952-01-01,5,8,Sweden,0.0,4.0,0.0,4.0
1952-01-01,5,9,United States,3.0,7.0,1.0,11.0
1952-01-01,5,10,Germany,4.0,0.0,1.0,5.0
1952-01-01,5,11,Czechoslovakia,0.0,0.0,0.0,0.0
1952-01-01,5,12,Hungary,0.0,0.0,1.0,1.0
1952-01-01,5,13,Italy,1.0,1.0,0.0,2.0
1952-01-01,5,14,West Germany,0.0,2.0,0.0,2.0
1952-01-01,5,15,Netherlands,0.0,3.0,0.0,3.0
1952-01-01,5,16,Unified Team of Germany,0.0,0.0,0.0,0.0
1952-01-01,5,17,Japan,0.0,0.0,0.0,0.0
1952-01-01,5,18,Poland,0.0,0.0,0.0,0.0
1952-01-01,5,19,Soviet Union,0.0,0.0,0.0,0.0
1952-01-01,5,20,"Korea, North",0.0,0.0,0.0,0.0
1952-01-01,5,21,East Germany,0.0,0.0,0.0,0.0
1952-01-01,5,22,Romania,0.0,0.0,0.0,0.0
1952-01-01,5,23,Spain,0.0,0.0,0.0,0.0
1952-01-01,5,24,Liechtenstein,0.0,0.0,0.0,0.0
1952-01-01,5,25,Bulgaria,0.0,0.0,0.0,0.0
1952-01-01,5,26,Yugoslavia,0.0,0.0,0.0,0.0
1952-01-01,5,27,China,0.0,0.0,0.0,0.0
1952-01-01,5,28,Unified Team,0.0,0.0,0.0,0.0
1952-01-01,5,29,"Korea, South",0.0,0.0,0.0,0.0
1952-01-01,5,30,Luxembourg,0.0,0.0,0.0,0.0
1952-01-01,5,31,New Zealand,0.0,0.0,0.0,0.0
1952-01-01,5,32,Australia,0.0,0.0,0.0,0.0
1952-01-01,5,33,Belarus,0.0,0.0,0.0,0.0
1952-01-01,5,34,Kazakhstan,0.0,0.0,0.0,0.0
1952-01-01,5,35,Russia,0.0,0.0,0.0,0.0
1952-01-01,5,36,Slovenia,0.0,0.0,0.0,0.0
1952-01-01,5,37,Ukraine,0.0,0.0,0.0,0.0
1952-01-01,5,38,Uzbekistan,0.0,0.0,0.0,0.0
1952-01-01,5,39,Czech Republic,0.0,0.0,0.0,0.0
1952-01-01,5,40,Denmark,0.0,0.0,0.0,0.0
1952-01-01,5,41,Croatia,0.0,0.0,0.0,0.0
1952-01-01,5,42,Estonia,0.0,0.0,0.0,0.0
1952-01-01,5,43,Latvia,0.0,0.0,0.0,0.0
1952-01-01,5,44,Slovakia,0.0,0.0,0.0,0.0
1956-01-01,6,0,Austria,4.0,6.0,1.0,11.0
1956-01-01,6,1,Belgium,0.0,0.0,0.0,0.0
1956-01-01,6,2,Canada,1.0,1.0,1.0,3.0
1956-01-01,6,3,Finland,1.0,6.0,0.0,7.0
1956-01-01,6,4,France,0.0,0.0,0.0,0.0
1956-01-01,6,5,United Kingdom,0.0,0.0,0.0,0.0
1956-01-01,6,6,Norway,0.0,4.0,0.0,4.0
1956-01-01,6,7,Switzerland,3.0,3.0,0.0,6.0
1956-01-01,6,8,Sweden,2.0,8.0,0.0,10.0
1956-01-01,6,9,United States,2.0,5.0,0.0,7.0
1956-01-01,6,10,Germany,0.0,0.0,0.0,0.0
1956-01-01,6,11,Czechoslovakia,0.0,0.0,0.0,0.0
1956-01-01,6,12,Hungary,0.0,0.0,1.0,1.0
1956-01-01,6,13,Italy,0.0,3.0,0.0,3.0
1956-01-01,6,14,West Germany,0.0,0.0,0.0,0.0
1956-01-01,6,15,Netherlands,0.0,0.0,0.0,0.0
1956-01-01,6,16,Unified Team of Germany,1.0,1.0,0.0,2.0
1956-01-01,6,17,Japan,0.0,1.0,0.0,1.0
1956-01-01,6,18,Poland,0.0,1.0,0.0,1.0
1956-01-01,6,19,Soviet Union,4.0,12.0,0.0,16.0
1956-01-01,6,20,"Korea, North",0.0,0.0,0.0,0.0
1956-01-01,6,21,East Germany,0.0,0.0,0.0,0.0
1956-01-01,6,22,Romania,0.0,0.0,0.0,0.0
1956-01-01,6,23,Spain,0.0,0.0,0.0,0.0
1956-01-01,6,24,Liechtenstein,0.0,0.0,0.0,0.0
1956-01-01,6,25,Bulgaria,0.0,0.0,0.0,0.0
1956-01-01,6,26,Yugoslavia,0.0,0.0,0.0,0.0
1956-01-01,6,27,China,0.0,0.0,0.0,0.0
1956-01-01,6,28,Unified Team,0.0,0.0,0.0,0.0
1956-01-01,6,29,"Korea, South",0.0,0.0,0.0,0.0
1956-01-01,6,30,Luxembourg,0.0,0.0,0.0,0.0
1956-01-01,6,31,New Zealand,0.0,0.0,0.0,0.0
1956-01-01,6,32,Australia,0.0,0.0,0.0,0.0
1956-01-01,6,33,Belarus,0.0,0.0,0.0,0.0
1956-01-01,6,34,Kazakhstan,0.0,0.0,0.0,0.0
1956-01-01,6,35,Russia,0.0,0.0,0.0,0.0
1956-01-01,6,36,Slovenia,0.0,0.0,0.0,0.0
1956-01-01,6,37,Ukraine,0.0,0.0,0.0,0.0
1956-01-01,6,38,Uzbekistan,0.0,0.0,0.0,0.0
1956-01-01,6,39,Czech Republic,0.0,0.0,0.0,0.0
1956-01-01,6,40,Denmark,0.0,0.0,0.0,0.0
1956-01-01,6,41,Croatia,0.0,0.0,0.0,0.0
1956-01-01,6,42,Estonia,0.0,0.0,0.0,0.0
1956-01-01,6,43,Latvia,0.0,0.0,0.0,0.0
1956-01-01,6,44,Slovakia,0.0,0.0,0.0,0.0
1960-01-01,7,0,Austria,1.0,5.0,0.0,6.0
1960-01-01,7,1,Belgium,0.0,0.0,0.0,0.0
1960-01-01,7,2,Canada,1.0,2.0,1.0,4.0
1960-01-01,7,3,Finland,2.0,6.0,0.0,8.0
1960-01-01,7,4,France,0.0,3.0,0.0,3.0
1960-01-01,7,5,United Kingdom,0.0,0.0,0.0,0.0
1960-01-01,7,6,Norway,0.0,6.0,0.0,6.0
1960-01-01,7,7,Switzerland,1.0,1.0,0.0,2.0
1960-01-01,7,8,Sweden,1.0,6.0,0.0,7.0
1960-01-01,7,9,United States,6.0,3.0,1.0,10.0
1960-01-01,7,10,Germany,0.0,0.0,0.0,0.0
1960-01-01,7,11,Czechoslovakia,0.0,1.0,0.0,1.0
1960-01-01,7,12,Hungary,0.0,0.0,0.0,0.0
1960-01-01,7,13,Italy,1.0,0.0,0.0,1.0
1960-01-01,7,14,West Germany,0.0,0.0,0.0,0.0
1960-01-01,7,15,Netherlands,1.0,1.0,0.0,2.0
1960-01-01,7,16,Unified Team of Germany,4.0,3.0,1.0,8.0
1960-01-01,7,17,Japan,0.0,0.0,0.0,0.0
1960-01-01,7,18,Poland,2.0,0.0,0.0,2.0
1960-01-01,7,19,Soviet Union,10.0,11.0,0.0,21.0
1960-01-01,7,20,"Korea, North",0.0,0.0,0.0,0.0
1960-01-01,7,21,East Germany,0.0,0.0,0.0,0.0
1960-01-01,7,22,Romania,0.0,0.0,0.0,0.0
1960-01-01,7,23,Spain,0.0,0.0,0.0,0.0
1960-01-01,7,24,Liechtenstein,0.0,0.0,0.0,0.0
1960-01-01,7,25,Bulgaria,0.0,0.0,0.0,0.0
1960-01-01,7,26,Yugoslavia,0.0,0.0,0.0,0.0
1960-01-01,7,27,China,0.0,0.0,0.0,0.0
1960-01-01,7,28,Unified Team,0.0,0.0,0.0,0.0
1960-01-01,7,29,"Korea, South",0.0,0.0,0.0,0.0
1960-01-01,7,30,Luxembourg,0.0,0.0,0.0,0.0
1960-01-01,7,31,New Zealand,0.0,0.0,0.0,0.0
1960-01-01,7,32,Australia,0.0,0.0,0.0,0.0
1960-01-01,7,33,Belarus,0.0,0.0,0.0,0.0
1960-01-01,7,34,Kazakhstan,0.0,0.0,0.0,0.0
1960-01-01,7,35,Russia,0.0,0.0,0.0,0.0
1960-01-01,7,36,Slovenia,0.0,0.0,0.0,0.0
1960-01-01,7,37,Ukraine,0.0,0.0,0.0,0.0
1960-01-01,7,38,Uzbekistan,0.0,0.0,0.0,0.0
1960-01-01,7,39,Czech Republic,0.0,0.0,0.0,0.0
1960-01-01,7,40,Denmark,0.0,0.0,0.0,0.0
1960-01-01,7,41,Croatia,0.0,0.0,0.0,0.0
1960-01-01,7,42,Estonia,0.0,0.0,0.0,0.0
1960-01-01,7,43,Latvia,0.0,0.0,0.0,0.0
1960-01-01,7,44,Slovakia,0.0,0.0,0.0,0.0
1964-01-01,8,0,Austria,5.0,5.0,2.0,12.0
1964-01-01,8,1,Belgium,0.0,0.0,0.0,0.0
1964-01-01,8,2,Canada,1.0,1.0,1.0,3.0
1964-01-01,8,3,Finland,4.0,6.0,0.0,10.0
1964-01-01,8,4,France,4.0,3.0,0.0,7.0
1964-01-01,8,5,United Kingdom,0.0,1.0,0.0,1.0
1964-01-01,8,6,Norway,0.0,15.0,0.0,15.0
1964-01-01,8,7,Switzerland,0.0,0.0,0.0,0.0
1964-01-01,8,8,Sweden,1.0,6.0,0.0,7.0
1964-01-01,8,9,United States,2.0,4.0,0.0,6.0
1964-01-01,8,10,Germany,0.0,0.0,0.0,0.0
1964-01-01,8,11,Czechoslovakia,0.0,1.0,0.0,1.0
1964-01-01,8,12,Hungary,0.0,0.0,0.0,0.0
1964-01-01,8,13,Italy,0.0,3.0,1.0,4.0
1964-01-01,8,14,West Germany,0.0,0.0,0.0,0.0
1964-01-01,8,15,Netherlands,1.0,1.0,0.0,2.0
1964-01-01,8,16,Unified Team of Germany,2.0,6.0,1.0,9.0
1964-01-01,8,17,Japan,0.0,0.0,0.0,0.0
1964-01-01,8,18,Poland,0.0,0.0,0.0,0.0
1964-01-01,8,19,Soviet Union,15.0,9.0,1.0,25.0
1964-01-01,8,20,"Korea, North",1.0,0.0,0.0,1.0
1964-01-01,8,21,East Germany,0.0,0.0,0.0,0.0
1964-01-01,8,22,Romania,0.0,0.0,0.0,0.0
1964-01-01,8,23,Spain,0.0,0.0,0.0,0.0
1964-01-01,8,24,Liechtenstein,0.0,0.0,0.0,0.0
1964-01-01,8,25,Bulgaria,0.0,0.0,0.0,0.0
1964-01-01,8,26,Yugoslavia,0.0,0.0,0.0,0.0
1964-01-01,8,27,China,0.0,0.0,0.0,0.0
1964-01-01,8,28,Unified Team,0.0,0.0,0.0,0.0
1964-01-01,8,29,"Korea, South",0.0,0.0,0.0,0.0
1964-01-01,8,30,Luxembourg,0.0,0.0,0.0,0.0
1964-01-01,8,31,New Zealand,0.0,0.0,0.0,0.0
1964-01-01,8,32,Australia,0.0,0.0,0.0,0.0
1964-01-01,8,33,Belarus,0.0,0.0,0.0,0.0
1964-01-01,8,34,Kazakhstan,0.0,0.0,0.0,0.0
1964-01-01,8,35,Russia,0.0,0.0,0.0,0.0
1964-01-01,8,36,Slovenia,0.0,0.0,0.0,0.0
1964-01-01,8,37,Ukraine,0.0,0.0,0.0,0.0
1964-01-01,8,38,Uzbekistan,0.0,0.0,0.0,0.0
1964-01-01,8,39,Czech Republic,0.0,0.0,0.0,0.0
1964-01-01,8,40,Denmark,0.0,0.0,0.0,0.0
1964-01-01,8,41,Croatia,0.0,0.0,0.0,0.0
1964-01-01,8,42,Estonia,0.0,0.0,0.0,0.0
1964-01-01,8,43,Latvia,0.0,0.0,0.0,0.0
1964-01-01,8,44,Slovakia,0.0,0.0,0.0,0.0
1968-01-01,9,0,Austria,2.0,8.0,1.0,11.0
1968-01-01,9,1,Belgium,0.0,0.0,0.0,0.0
1968-01-01,9,2,Canada,2.0,1.0,0.0,3.0
1968-01-01,9,3,Finland,2.0,3.0,0.0,5.0
1968-01-01,9,4,France,4.0,5.0,0.0,9.0
1968-01-01,9,5,United Kingdom,0.0,0.0,0.0,0.0
1968-01-01,9,6,Norway,3.0,11.0,0.0,14.0
1968-01-01,9,7,Switzerland,1.0,5.0,0.0,6.0
1968-01-01,9,8,Sweden,3.0,5.0,0.0,8.0
1968-01-01,9,9,United States,5.0,2.0,0.0,7.0
1968-01-01,9,10,Germany,0.0,0.0,0.0,0.0
1968-01-01,9,11,Czechoslovakia,1.0,3.0,0.0,4.0
1968-01-01,9,12,Hungary,0.0,0.0,0.0,0.0
1968-01-01,9,13,Italy,1.0,3.0,0.0,4.0
1968-01-01,9,14,West Germany,2.0,3.0,2.0,7.0
1968-01-01,9,15,Netherlands,5.0,4.0,0.0,9.0
1968-01-01,9,16,Unified Team of Germany,0.0,0.0,0.0,0.0
1968-01-01,9,17,Japan,0.0,0.0,0.0,0.0
1968-01-01,9,18,Poland,0.0,0.0,0.0,0.0
1968-01-01,9,19,Soviet Union,5.0,6.0,2.0,13.0
1968-01-01,9,20,"Korea, North",0.0,0.0,0.0,0.0
1968-01-01,9,21,East Germany,1.0,3.0,1.0,5.0
1968-01-01,9,22,Romania,0.0,1.0,0.0,1.0
1968-01-01,9,23,Spain,0.0,0.0,0.0,0.0
1968-01-01,9,24,Liechtenstein,0.0,0.0,0.0,0.0
1968-01-01,9,25,Bulgaria,0.0,0.0,0.0,0.0
1968-01-01,9,26,Yugoslavia,0.0,0.0,0.0,0.0
1968-01-01,9,27,China,0.0,0.0,0.0,0.0
1968-01-01,9,28,Unified Team,0.0,0.0,0.0,0.0
1968-01-01,9,29,"Korea, South",0.0,0.0,0.0,0.0
1968-01-01,9,30,Luxembourg,0.0,0.0,0.0,0.0
1968-01-01,9,31,New Zealand,0.0,0.0,0.0,0.0
1968-01-01,9,32,Australia,0.0,0.0,0.0,0.0
1968-01-01,9,33,Belarus,0.0,0.0,0.0,0.0
1968-01-01,9,34,Kazakhstan,0.0,0.0,0.0,0.0
1968-01-01,9,35,Russia,0.0,0.0,0.0,0.0
1968-01-01,9,36,Slovenia,0.0,0.0,0.0,0.0
1968-01-01,9,37,Ukraine,0.0,0.0,0.0,0.0
1968-01-01,9,38,Uzbekistan,0.0,0.0,0.0,0.0
1968-01-01,9,39,Czech Republic,0.0,0.0,0.0,0.0
1968-01-01,9,40,Denmark,0.0,0.0,0.0,0.0
1968-01-01,9,41,Croatia,0.0,0.0,0.0,0.0
1968-01-01,9,42,Estonia,0.0,0.0,0.0,0.0
1968-01-01,9,43,Latvia,0.0,0.0,0.0,0.0
1968-01-01,9,44,Slovakia,0.0,0.0,0.0,0.0
1972-01-01,10,0,Austria,4.0,1.0,0.0,5.0
1972-01-01,10,1,Belgium,0.0,0.0,0.0,0.0
1972-01-01,10,2,Canada,1.0,0.0,0.0,1.0
1972-01-01,10,3,Finland,3.0,2.0,0.0,5.0
1972-01-01,10,4,France,2.0,1.0,0.0,3.0
1972-01-01,10,5,United Kingdom,0.0,0.0,0.0,0.0
1972-01-01,10,6,Norway,1.0,11.0,0.0,12.0
1972-01-01,10,7,Switzerland,2.0,8.0,0.0,10.0
1972-01-01,10,8,Sweden,0.0,4.0,0.0,4.0
1972-01-01,10,9,United States,7.0,1.0,0.0,8.0
1972-01-01,10,10,Germany,0.0,0.0,0.0,0.0
1972-01-01,10,11,Czechoslovakia,1.0,2.0,0.0,3.0
1972-01-01,10,12,Hungary,0.0,0.0,0.0,0.0
1972-01-01,10,13,Italy,0.0,4.0,1.0,5.0
1972-01-01,10,14,West Germany,1.0,4.0,0.0,5.0
1972-01-01,10,15,Netherlands,5.0,4.0,0.0,9.0
1972-01-01,10,16,Unified Team of Germany,0.0,0.0,0.0,0.0
1972-01-01,10,17,Japan,0.0,3.0,0.0,3.0
1972-01-01,10,18,Poland,0.0,1.0,0.0,1.0
1972-01-01,10,19,Soviet Union,6.0,8.0,2.0,16.0
1972-01-01,10,20,"Korea, North",0.0,0.0,0.0,0.0
1972-01-01,10,21,East Germany,3.0,8.0,3.0,14.0
1972-01-01,10,22,Romania,0.0,0.0,0.0,0.0
1972-01-01,10,23,Spain,0.0,1.0,0.0,1.0
1972-01-01,10,24,Liechtenstein,0.0,0.0,0.0,0.0
1972-01-01,10,25,Bulgaria,0.0,0.0,0.0,0.0
1972-01-01,10,26,Yugoslavia,0.0,0.0,0.0,0.0
1972-01-01,10,27,China,0.0,0.0,0.0,0.0
1972-01-01,10,28,Unified Team,0.0,0.0,0.0,0.0
1972-01-01,10,29,"Korea, South",0.0,0.0,0.0,0.0
1972-01-01,10,30,Luxembourg,0.0,0.0,0.0,0.0
1972-01-01,10,31,New Zealand,0.0,0.0,0.0,0.0
1972-01-01,10,32,Australia,0.0,0.0,0.0,0.0
1972-01-01,10,33,Belarus,0.0,0.0,0.0,0.0
1972-01-01,10,34,Kazakhstan,0.0,0.0,0.0,0.0
1972-01-01,10,35,Russia,0.0,0.0,0.0,0.0
1972-01-01,10,36,Slovenia,0.0,0.0,0.0,0.0
1972-01-01,10,37,Ukraine,0.0,0.0,0.0,0.0
1972-01-01,10,38,Uzbekistan,0.0,0.0,0.0,0.0
1972-01-01,10,39,Czech Republic,0.0,0.0,0.0,0.0
1972-01-01,10,40,Denmark,0.0,0.0,0.0,0.0
1972-01-01,10,41,Croatia,0.0,0.0,0.0,0.0
1972-01-01,10,42,Estonia,0.0,0.0,0.0,0.0
1972-01-01,10,43,Latvia,0.0,0.0,0.0,0.0
1972-01-01,10,44,Slovakia,0.0,0.0,0.0,0.0
1976-01-01,11,0,Austria,1.0,4.0,1.0,6.0
1976-01-01,11,1,Belgium,0.0,0.0,0.0,0.0
1976-01-01,11,2,Canada,2.0,1.0,0.0,3.0
1976-01-01,11,3,Finland,3.0,4.0,0.0,7.0
1976-01-01,11,4,France,1.0,0.0,0.0,1.0
1976-01-01,11,5,United Kingdom,0.0,1.0,0.0,1.0
1976-01-01,11,6,Norway,1.0,6.0,0.0,7.0
1976-01-01,11,7,Switzerland,0.0,5.0,0.0,5.0
1976-01-01,11,8,Sweden,0.0,2.0,0.0,2.0
1976-01-01,11,9,United States,6.0,3.0,1.0,10.0
1976-01-01,11,10,Germany,0.0,0.0,0.0,0.0
1976-01-01,11,11,Czechoslovakia,0.0,1.0,0.0,1.0
1976-01-01,11,12,Hungary,0.0,0.0,0.0,0.0
1976-01-01,11,13,Italy,1.0,3.0,0.0,4.0
1976-01-01,11,14,West Germany,4.0,5.0,1.0,10.0
1976-01-01,11,15,Netherlands,1.0,5.0,0.0,6.0
1976-01-01,11,16,Unified Team of Germany,0.0,0.0,0.0,0.0
1976-01-01,11,17,Japan,0.0,0.0,0.0,0.0
1976-01-01,11,18,Poland,0.0,0.0,0.0,0.0
1976-01-01,11,19,Soviet Union,10.0,14.0,3.0,27.0
1976-01-01,11,20,"Korea, North",0.0,0.0,0.0,0.0
1976-01-01,11,21,East Germany,5.0,11.0,3.0,19.0
1976-01-01,11,22,Romania,0.0,0.0,0.0,0.0
1976-01-01,11,23,Spain,0.0,0.0,0.0,0.0
1976-01-01,11,24,Liechtenstein,1.0,1.0,0.0,2.0
1976-01-01,11,25,Bulgaria,0.0,0.0,0.0,0.0
1976-01-01,11,26,Yugoslavia,0.0,0.0,0.0,0.0
1976-01-01,11,27,China,0.0,0.0,0.0,0.0
1976-01-01,11,28,Unified Team,0.0,0.0,0.0,0.0
1976-01-01,11,29,"Korea, South",0.0,0.0,0.0,0.0
1976-01-01,11,30,Luxembourg,0.0,0.0,0.0,0.0
1976-01-01,11,31,New Zealand,0.0,0.0,0.0,0.0
1976-01-01,11,32,Australia,0.0,0.0,0.0,0.0
1976-01-01,11,33,Belarus,0.0,0.0,0.0,0.0
1976-01-01,11,34,Kazakhstan,0.0,0.0,0.0,0.0
1976-01-01,11,35,Russia,0.0,0.0,0.0,0.0
1976-01-01,11,36,Slovenia,0.0,0.0,0.0,0.0
1976-01-01,11,37,Ukraine,0.0,0.0,0.0,0.0
1976-01-01,11,38,Uzbekistan,0.0,0.0,0.0,0.0
1976-01-01,11,39,Czech Republic,0.0,0.0,0.0,0.0
1976-01-01,11,40,Denmark,0.0,0.0,0.0,0.0
1976-01-01,11,41,Croatia,0.0,0.0,0.0,0.0
1976-01-01,11,42,Estonia,0.0,0.0,0.0,0.0
1976-01-01,11,43,Latvia,0.0,0.0,0.0,0.0
1976-01-01,11,44,Slovakia,0.0,0.0,0.0,0.0
1980-01-01,12,0,Austria,1.0,5.0,1.0,7.0
1980-01-01,12,1,Belgium,0.0,0.0,0.0,0.0
1980-01-01,12,2,Canada,0.0,2.0,0.0,2.0
1980-01-01,12,3,Finland,3.0,6.0,0.0,9.0
1980-01-01,12,4,France,1.0,0.0,0.0,1.0
1980-01-01,12,5,United Kingdom,0.0,1.0,0.0,1.0
1980-01-01,12,6,Norway,2.0,8.0,0.0,10.0
1980-01-01,12,7,Switzerland,2.0,3.0,0.0,5.0
1980-01-01,12,8,Sweden,0.0,4.0,0.0,4.0
1980-01-01,12,9,United States,4.0,8.0,0.0,12.0
1980-01-01,12,10,Germany,0.0,0.0,0.0,0.0
1980-01-01,12,11,Czechoslovakia,1.0,0.0,0.0,1.0
1980-01-01,12,12,Hungary,0.0,0.0,1.0,1.0
1980-01-01,12,13,Italy,0.0,1.0,1.0,2.0
1980-01-01,12,14,West Germany,3.0,2.0,0.0,5.0
1980-01-01,12,15,Netherlands,2.0,2.0,0.0,4.0
1980-01-01,12,16,Unified Team of Germany,0.0,0.0,0.0,0.0
1980-01-01,12,17,Japan,0.0,1.0,0.0,1.0
1980-01-01,12,18,Poland,0.0,0.0,0.0,0.0
1980-01-01,12,19,Soviet Union,6.0,12.0,4.0,22.0
1980-01-01,12,20,"Korea, North",0.0,0.0,0.0,0.0
1980-01-01,12,21,East Germany,8.0,13.0,2.0,23.0
1980-01-01,12,22,Romania,0.0,0.0,0.0,0.0
1980-01-01,12,23,Spain,0.0,0.0,0.0,0.0
1980-01-01,12,24,Liechtenstein,3.0,1.0,0.0,4.0
1980-01-01,12,25,Bulgaria,0.0,1.0,0.0,1.0
1980-01-01,12,26,Yugoslavia,0.0,0.0,0.0,0.0
1980-01-01,12,27,China,0.0,0.0,0.0,0.0
1980-01-01,12,28,Unified Team,0.0,0.0,0.0,0.0
1980-01-01,12,29,"Korea, South",0.0,0.0,0.0,0.0
1980-01-01,12,30,Luxembourg,0.0,0.0,0.0,0.0
1980-01-01,12,31,New Zealand,0.0,0.0,0.0,0.0
1980-01-01,12,32,Australia,0.0,0.0,0.0,0.0
1980-01-01,12,33,Belarus,0.0,0.0,0.0,0.0
1980-01-01,12,34,Kazakhstan,0.0,0.0,0.0,0.0
1980-01-01,12,35,Russia,0.0,0.0,0.0,0.0
1980-01-01,12,36,Slovenia,0.0,0.0,0.0,0.0
1980-01-01,12,37,Ukraine,0.0,0.0,0.0,0.0
1980-01-01,12,38,Uzbekistan,0.0,0.0,0.0,0.0
1980-01-01,12,39,Czech Republic,0.0,0.0,0.0,0.0
1980-01-01,12,40,Denmark,0.0,0.0,0.0,0.0
1980-01-01,12,41,Croatia,0.0,0.0,0.0,0.0
1980-01-01,12,42,Estonia,0.0,0.0,0.0,0.0
1980-01-01,12,43,Latvia,0.0,0.0,0.0,0.0
1980-01-01,12,44,Slovakia,0.0,0.0,0.0,0.0
1984-01-01,13,0,Austria,0.0,1.0,0.0,1.0
1984-01-01,13,1,Belgium,0.0,0.0,0.0,0.0
1984-01-01,13,2,Canada,0.0,4.0,0.0,4.0
1984-01-01,13,3,Finland,4.0,9.0,0.0,13.0
1984-01-01,13,4,France,2.0,1.0,0.0,3.0
1984-01-01,13,5,United Kingdom,0.0,0.0,1.0,1.0
1984-01-01,13,6,Norway,4.0,5.0,0.0,9.0
1984-01-01,13,7,Switzerland,2.0,3.0,0.0,5.0
1984-01-01,13,8,Sweden,0.0,8.0,0.0,8.0
1984-01-01,13,9,United States,3.0,4.0,1.0,8.0
1984-01-01,13,10,Germany,0.0,0.0,0.0,0.0
1984-01-01,13,11,Czechoslovakia,3.0,3.0,0.0,6.0
1984-01-01,13,12,Hungary,0.0,0.0,0.0,0.0
1984-01-01,13,13,Italy,1.0,1.0,0.0,2.0
1984-01-01,13,14,West Germany,0.0,3.0,1.0,4.0
1984-01-01,13,15,Netherlands,0.0,0.0,0.0,0.0
1984-01-01,13,16,Unified Team of Germany,0.0,0.0,0.0,0.0
1984-01-01,13,17,Japan,0.0,1.0,0.0,1.0
1984-01-01,13,18,Poland,0.0,0.0,0.0,0.0
1984-01-01,13,19,Soviet Union,6.0,14.0,5.0,25.0
1984-01-01,13,20,"Korea, North",0.0,0.0,0.0,0.0
1984-01-01,13,21,East Germany,13.0,10.0,1.0,24.0
1984-01-01,13,22,Romania,0.0,0.0,0.0,0.0
1984-01-01,13,23,Spain,0.0,0.0,0.0,0.0
1984-01-01,13,24,Liechtenstein,1.0,1.0,0.0,2.0
1984-01-01,13,25,Bulgaria,0.0,0.0,0.0,0.0
1984-01-01,13,26,Yugoslavia,0.0,1.0,0.0,1.0
1984-01-01,13,27,China,0.0,0.0,0.0,0.0
1984-01-01,13,28,Unified Team,0.0,0.0,0.0,0.0
1984-01-01,13,29,"Korea, South",0.0,0.0,0.0,0.0
1984-01-01,13,30,Luxembourg,0.0,0.0,0.0,0.0
1984-01-01,13,31,New Zealand,0.0,0.0,0.0,0.0
1984-01-01,13,32,Australia,0.0,0.0,0.0,0.0
1984-01-01,13,33,Belarus,0.0,0.0,0.0,0.0
1984-01-01,13,34,Kazakhstan,0.0,0.0,0.0,0.0
1984-01-01,13,35,Russia,0.0,0.0,0.0,0.0
1984-01-01,13,36,Slovenia,0.0,0.0,0.0,0.0
1984-01-01,13,37,Ukraine,0.0,0.0,0.0,0.0
1984-01-01,13,38,Uzbekistan,0.0,0.0,0.0,0.0
1984-01-01,13,39,Czech Republic,0.0,0.0,0.0,0.0
1984-01-01,13,40,Denmark,0.0,0.0,0.0,0.0
1984-01-01,13,41,Croatia,0.0,0.0,0.0,0.0
1984-01-01,13,42,Estonia,0.0,0.0,0.0,0.0
1984-01-01,13,43,Latvia,0.0,0.0,0.0,0.0
1984-01-01,13,44,Slovakia,0.0,0.0,0.0,0.0
1988-01-01,14,0,Austria,2.0,8.0,0.0,10.0
1988-01-01,14,1,Belgium,0.0,0.0,0.0,0.0
1988-01-01,14,2,Canada,3.0,1.0,1.0,5.0
1988-01-01,14,3,Finland,3.0,4.0,0.0,7.0
1988-01-01,14,4,France,0.0,2.0,0.0,2.0
1988-01-01,14,5,United Kingdom,0.0,0.0,0.0,0.0
1988-01-01,14,6,Norway,1.0,4.0,0.0,5.0
1988-01-01,14,7,Switzerland,7.0,8.0,0.0,15.0
1988-01-01,14,8,Sweden,0.0,6.0,0.0,6.0
1988-01-01,14,9,United States,3.0,2.0,1.0,6.0
1988-01-01,14,10,Germany,0.0,0.0,0.0,0.0
1988-01-01,14,11,Czechoslovakia,0.0,3.0,0.0,3.0
1988-01-01,14,12,Hungary,0.0,0.0,0.0,0.0
1988-01-01,14,13,Italy,0.0,5.0,0.0,5.0
1988-01-01,14,14,West Germany,3.0,4.0,1.0,8.0
1988-01-01,14,15,Netherlands,3.0,4.0,0.0,7.0
1988-01-01,14,16,Unified Team of Germany,0.0,0.0,0.0,0.0
1988-01-01,14,17,Japan,0.0,1.0,0.0,1.0
1988-01-01,14,18,Poland,0.0,0.0,0.0,0.0
1988-01-01,14,19,Soviet Union,8.0,17.0,4.0,29.0
1988-01-01,14,20,"Korea, North",0.0,0.0,0.0,0.0
1988-01-01,14,21,East Germany,14.0,9.0,2.0,25.0
1988-01-01,14,22,Romania,0.0,0.0,0.0,0.0
1988-01-01,14,23,Spain,0.0,0.0,0.0,0.0
1988-01-01,14,24,Liechtenstein,0.0,1.0,0.0,1.0
1988-01-01,14,25,Bulgaria,0.0,0.0,0.0,0.0
1988-01-01,14,26,Yugoslavia,1.0,2.0,0.0,3.0
1988-01-01,14,27,China,0.0,0.0,0.0,0.0
1988-01-01,14,28,Unified Team,0.0,0.0,0.0,0.0
1988-01-01,14,29,"Korea, South",0.0,0.0,0.0,0.0
1988-01-01,14,30,Luxembourg,0.0,0.0,0.0,0.0
1988-01-01,14,31,New Zealand,0.0,0.0,0.0,0.0
1988-01-01,14,32,Australia,0.0,0.0,0.0,0.0
1988-01-01,14,33,Belarus,0.0,0.0,0.0,0.0
1988-01-01,14,34,Kazakhstan,0.0,0.0,0.0,0.0
1988-01-01,14,35,Russia,0.0,0.0,0.0,0.0
1988-01-01,14,36,Slovenia,0.0,0.0,0.0,0.0
1988-01-01,14,37,Ukraine,0.0,0.0,0.0,0.0
1988-01-01,14,38,Uzbekistan,0.0,0.0,0.0,0.0
1988-01-01,14,39,Czech Republic,0.0,0.0,0.0,0.0
1988-01-01,14,40,Denmark,0.0,0.0,0.0,0.0
1988-01-01,14,41,Croatia,0.0,0.0,0.0,0.0
1988-01-01,14,42,Estonia,0.0,0.0,0.0,0.0
1988-01-01,14,43,Latvia,0.0,0.0,0.0,0.0
1988-01-01,14,44,Slovakia,0.0,0.0,0.0,0.0
1992-01-01,15,0,Austria,8.0,13.0,0.0,21.0
1992-01-01,15,1,Belgium,0.0,0.0,0.0,0.0
1992-01-01,15,2,Canada,3.0,3.0,1.0,7.0
1992-01-01,15,3,Finland,2.0,5.0,0.0,7.0
1992-01-01,15,4,France,3.0,5.0,1.0,9.0
1992-01-01,15,5,United Kingdom,0.0,0.0,0.0,0.0
1992-01-01,15,6,Norway,2.0,18.0,0.0,20.0
1992-01-01,15,7,Switzerland,0.0,3.0,0.0,3.0
1992-01-01,15,8,Sweden,1.0,3.0,0.0,4.0
1992-01-01,15,9,United States,9.0,2.0,0.0,11.0
1992-01-01,15,10,Germany,14.0,10.0,2.0,26.0
1992-01-01,15,11,Czechoslovakia,0.0,3.0,0.0,3.0
1992-01-01,15,12,Hungary,0.0,0.0,0.0,0.0
1992-01-01,15,13,Italy,4.0,9.0,1.0,14.0
1992-01-01,15,14,West Germany,0.0,0.0,0.0,0.0
1992-01-01,15,15,Netherlands,0.0,4.0,0.0,4.0
1992-01-01,15,16,Unified Team of Germany,0.0,0.0,0.0,0.0
1992-01-01,15,17,Japan,2.0,5.0,0.0,7.0
1992-01-01,15,18,Poland,0.0,0.0,0.0,0.0
1992-01-01,15,19,Soviet Union,0.0,0.0,0.0,0.0
1992-01-01,15,20,"Korea, North",1.0,0.0,0.0,1.0
1992-01-01,15,21,East Germany,0.0,0.0,0.0,0.0
1992-01-01,15,22,Romania,0.0,0.0,0.0,0.0
1992-01-01,15,23,Spain,1.0,0.0,0.0,1.0
1992-01-01,15,24,Liechtenstein,0.0,0.0,0.0,0.0
1992-01-01,15,25,Bulgaria,0.0,0.0,0.0,0.0
1992-01-01,15,26,Yugoslavia,0.0,0.0,0.0,0.0
1992-01-01,15,27,China,3.0,0.0,0.0,3.0
1992-01-01,15,28,Unified Team,15.0,4.0,4.0,23.0
1992-01-01,15,29,"Korea, South",0.0,4.0,0.0,4.0
1992-01-01,15,30,Luxembourg,0.0,2.0,0.0,2.0
1992-01-01,15,31,New Zealand,1.0,0.0,0.0,1.0
1992-01-01,15,32,Australia,0.0,0.0,0.0,0.0
1992-01-01,15,33,Belarus,0.0,0.0,0.0,0.0
1992-01-01,15,34,Kazakhstan,0.0,0.0,0.0,0.0
1992-01-01,15,35,Russia,0.0,0.0,0.0,0.0
1992-01-01,15,36,Slovenia,0.0,0.0,0.0,0.0
1992-01-01,15,37,Ukraine,0.0,0.0,0.0,0.0
1992-01-01,15,38,Uzbekistan,0.0,0.0,0.0,0.0
1992-01-01,15,39,Czech Republic,0.0,0.0,0.0,0.0
1992-01-01,15,40,Denmark,0.0,0.0,0.0,0.0
1992-01-01,15,41,Croatia,0.0,0.0,0.0,0.0
1992-01-01,15,42,Estonia,0.0,0.0,0.0,0.0
1992-01-01,15,43,Latvia,0.0,0.0,0.0,0.0
1992-01-01,15,44,Slovakia,0.0,0.0,0.0,0.0
1994-01-01,16,0,Austria,4.0,5.0,0.0,9.0
1994-01-01,16,1,Belgium,0.0,0.0,0.0,0.0
1994-01-01,16,2,Canada,5.0,7.0,1.0,13.0
1994-01-01,16,3,Finland,2.0,4.0,0.0,6.0
1994-01-01,16,4,France,2.0,3.0,0.0,5.0
1994-01-01,16,5,United Kingdom,0.0,1.0,1.0,2.0
1994-01-01,16,6,Norway,4.0,22.0,0.0,26.0
1994-01-01,16,7,Switzerland,3.0,6.0,0.0,9.0
1994-01-01,16,8,Sweden,2.0,1.0,0.0,3.0
1994-01-01,16,9,United States,9.0,4.0,0.0,13.0
1994-01-01,16,10,Germany,11.0,12.0,1.0,24.0
1994-01-01,16,11,Czechoslovakia,0.0,0.0,0.0,0.0
1994-01-01,16,12,Hungary,0.0,0.0,0.0,0.0
1994-01-01,16,13,Italy,10.0,8.0,2.0,20.0
1994-01-01,16,14,West Germany,0.0,0.0,0.0,0.0
1994-01-01,16,15,Netherlands,0.0,4.0,0.0,4.0
1994-01-01,16,16,Unified Team of Germany,0.0,0.0,0.0,0.0
1994-01-01,16,17,Japan,1.0,4.0,0.0,5.0
1994-01-01,16,18,Poland,0.0,0.0,0.0,0.0
1994-01-01,16,19,Soviet Union,0.0,0.0,0.0,0.0
1994-01-01,16,20,"Korea, North",0.0,0.0,0.0,0.0
1994-01-01,16,21,East Germany,0.0,0.0,0.0,0.0
1994-01-01,16,22,Romania,0.0,0.0,0.0,0.0
1994-01-01,16,23,Spain,0.0,0.0,0.0,0.0
1994-01-01,16,24,Liechtenstein,0.0,0.0,0.0,0.0
1994-01-01,16,25,Bulgaria,0.0,0.0,0.0,0.0
1994-01-01,16,26,Yugoslavia,0.0,0.0,0.0,0.0
1994-01-01,16,27,China,3.0,0.0,0.0,3.0
1994-01-01,16,28,Unified Team,0.0,0.0,0.0,0.0
1994-01-01,16,29,"Korea, South",3.0,3.0,0.0,6.0
1994-01-01,16,30,Luxembourg,0.0,0.0,0.0,0.0
1994-01-01,16,31,New Zealand,0.0,0.0,0.0,0.0
1994-01-01,16,32,Australia,0.0,1.0,0.0,1.0
1994-01-01,16,33,Belarus,1.0,1.0,0.0,2.0
1994-01-01,16,34,Kazakhstan,0.0,3.0,0.0,3.0
1994-01-01,16,35,Russia,10.0,9.0,4.0,23.0
1994-01-01,16,36,Slovenia,2.0,1.0,0.0,3.0
1994-01-01,16,37,Ukraine,2.0,0.0,0.0,2.0
1994-01-01,16,38,Uzbekistan,1.0,0.0,0.0,1.0
1994-01-01,16,39,Czech Republic,0.0,0.0,0.0,0.0
1994-01-01,16,40,Denmark,0.0,0.0,0.0,0.0
1994-01-01,16,41,Croatia,0.0,0.0,0.0,0.0
1994-01-01,16,42,Estonia,0.0,0.0,0.0,0.0
1994-01-01,16,43,Latvia,0.0,0.0,0.0,0.0
1994-01-01,16,44,Slovakia,0.0,0.0,0.0,0.0
1998-01-01,17,0,Austria,5.0,12.0,0.0,17.0
1998-01-01,17,1,Belgium,0.0,1.0,0.0,1.0
1998-01-01,17,2,Canada,7.0,8.0,0.0,15.0
1998-01-01,17,3,Finland,1.0,11.0,0.0,12.0
1998-01-01,17,4,France,2.0,5.0,1.0,8.0
1998-01-01,17,5,United Kingdom,0.0,1.0,0.0,1.0
1998-01-01,17,6,Norway,6.0,19.0,0.0,25.0
1998-01-01,17,7,Switzerland,1.0,6.0,0.0,7.0
1998-01-01,17,8,Sweden,2.0,1.0,0.0,3.0
1998-01-01,17,9,United States,8.0,3.0,2.0,13.0
1998-01-01,17,10,Germany,21.0,6.0,2.0,29.0
1998-01-01,17,11,Czechoslovakia,0.0,0.0,0.0,0.0
1998-01-01,17,12,Hungary,0.0,0.0,0.0,0.0
1998-01-01,17,13,Italy,4.0,6.0,0.0,10.0
1998-01-01,17,14,West Germany,0.0,0.0,0.0,0.0
1998-01-01,17,15,Netherlands,2.0,9.0,0.0,11.0
1998-01-01,17,16,Unified Team of Germany,0.0,0.0,0.0,0.0
1998-01-01,17,17,Japan,2.0,8.0,0.0,10.0
1998-01-01,17,18,Poland,0.0,0.0,0.0,0.0
1998-01-01,17,19,Soviet Union,0.0,0.0,0.0,0.0
1998-01-01,17,20,"Korea, North",0.0,0.0,0.0,0.0
1998-01-01,17,21,East Germany,0.0,0.0,0.0,0.0
1998-01-01,17,22,Romania,0.0,0.0,0.0,0.0
1998-01-01,17,23,Spain,0.0,0.0,0.0,0.0
1998-01-01,17,24,Liechtenstein,0.0,0.0,0.0,0.0
1998-01-01,17,25,Bulgaria,1.0,0.0,0.0,1.0
1998-01-01,17,26,Yugoslavia,0.0,0.0,0.0,0.0
1998-01-01,17,27,China,5.0,3.0,0.0,8.0
1998-01-01,17,28,Unified Team,0.0,0.0,0.0,0.0
1998-01-01,17,29,"Korea, South",4.0,2.0,0.0,6.0
1998-01-01,17,30,Luxembourg,0.0,0.0,0.0,0.0
1998-01-01,17,31,New Zealand,0.0,0.0,0.0,0.0
1998-01-01,17,32,Australia,1.0,0.0,0.0,1.0
1998-01-01,17,33,Belarus,0.0,2.0,0.0,2.0
1998-01-01,17,34,Kazakhstan,1.0,1.0,0.0,2.0
1998-01-01,17,35,Russia,10.0,4.0,4.0,18.0
1998-01-01,17,36,Slovenia,0.0,0.0,0.0,0.0
1998-01-01,17,37,Ukraine,1.0,0.0,0.0,1.0
1998-01-01,17,38,Uzbekistan,0.0,0.0,0.0,0.0
1998-01-01,17,39,Czech Republic,2.0,1.0,0.0,3.0
1998-01-01,17,40,Denmark,1.0,0.0,0.0,1.0
1998-01-01,17,41,Croatia,0.0,0.0,0.0,0.0
1998-01-01,17,42,Estonia,0.0,0.0,0.0,0.0
1998-01-01,17,43,Latvia,0.0,0.0,0.0,0.0
1998-01-01,17,44,Slovakia,0.0,0.0,0.0,0.0
2002-01-01,18,0,Austria,2.0,15.0,0.0,17.0
2002-01-01,18,1,Belgium,0.0,0.0,0.0,0.0
2002-01-01,18,2,Canada,9.0,7.0,1.0,17.0
2002-01-01,18,3,Finland,0.0,7.0,0.0,7.0
2002-01-01,18,4,France,5.0,5.0,1.0,11.0
2002-01-01,18,5,United Kingdom,2.0,0.0,0.0,2.0
2002-01-01,18,6,Norway,7.0,18.0,0.0,25.0
2002-01-01,18,7,Switzerland,4.0,7.0,0.0,11.0
2002-01-01,18,8,Sweden,5.0,2.0,0.0,7.0
2002-01-01,18,9,United States,11.0,21.0,2.0,34.0
2002-01-01,18,10,Germany,21.0,14.0,1.0,36.0
2002-01-01,18,11,Czechoslovakia,0.0,0.0,0.0,0.0
2002-01-01,18,12,Hungary,0.0,0.0,0.0,0.0
2002-01-01,18,13,Italy,8.0,4.0,1.0,13.0
2002-01-01,18,14,West Germany,0.0,0.0,0.0,0.0
2002-01-01,18,15,Netherlands,2.0,6.0,0.0,8.0
2002-01-01,18,16,Unified Team of Germany,0.0,0.0,0.0,0.0
2002-01-01,18,17,Japan,1.0,1.0,0.0,2.0
2002-01-01,18,18,Poland,0.0,2.0,0.0,2.0
2002-01-01,18,19,Soviet Union,0.0,0.0,0.0,0.0
2002-01-01,18,20,"Korea, North",0.0,0.0,0.0,0.0
2002-01-01,18,21,East Germany,0.0,0.0,0.0,0.0
2002-01-01,18,22,Romania,0.0,0.0,0.0,0.0
2002-01-01,18,23,Spain,0.0,0.0,0.0,0.0
2002-01-01,18,24,Liechtenstein,0.0,0.0,0.0,0.0
2002-01-01,18,25,Bulgaria,3.0,0.0,0.0,3.0
2002-01-01,18,26,Yugoslavia,0.0,0.0,0.0,0.0
2002-01-01,18,27,China,5.0,2.0,1.0,8.0
2002-01-01,18,28,Unified Team,0.0,0.0,0.0,0.0
2002-01-01,18,29,"Korea, South",4.0,0.0,0.0,4.0
2002-01-01,18,30,Luxembourg,0.0,0.0,0.0,0.0
2002-01-01,18,31,New Zealand,0.0,0.0,0.0,0.0
2002-01-01,18,32,Australia,1.0,1.0,0.0,2.0
2002-01-01,18,33,Belarus,0.0,1.0,0.0,1.0
2002-01-01,18,34,Kazakhstan,0.0,0.0,0.0,0.0
2002-01-01,18,35,Russia,6.0,5.0,2.0,13.0
2002-01-01,18,36,Slovenia,0.0,1.0,0.0,1.0
2002-01-01,18,37,Ukraine,0.0,0.0,0.0,0.0
2002-01-01,18,38,Uzbekistan,0.0,0.0,0.0,0.0
2002-01-01,18,39,Czech Republic,2.0,1.0,0.0,3.0
2002-01-01,18,40,Denmark,0.0,0.0,0.0,0.0
2002-01-01,18,41,Croatia,4.0,0.0,0.0,4.0
2002-01-01,18,42,Estonia,0.0,3.0,0.0,3.0
2002-01-01,18,43,Latvia,0.0,0.0,0.0,0.0
2002-01-01,18,44,Slovakia,0.0,0.0,0.0,0.0
2006-01-01,19,0,Austria,6.0,16.0,1.0,23.0
2006-01-01,19,1,Belgium,0.0,0.0,0.0,0.0
2006-01-01,19,2,Canada,16.0,8.0,0.0,24.0
2006-01-01,19,3,Finland,2.0,7.0,0.0,9.0
2006-01-01,19,4,France,3.0,6.0,0.0,9.0
2006-01-01,19,5,United Kingdom,1.0,0.0,0.0,1.0
2006-01-01,19,6,Norway,4.0,15.0,0.0,19.0
2006-01-01,19,7,Switzerland,6.0,8.0,0.0,14.0
2006-01-01,19,8,Sweden,9.0,5.0,0.0,14.0
2006-01-01,19,9,United States,8.0,16.0,1.0,25.0
2006-01-01,19,10,Germany,16.0,12.0,1.0,29.0
2006-01-01,19,11,Czechoslovakia,0.0,0.0,0.0,0.0
2006-01-01,19,12,Hungary,0.0,0.0,0.0,0.0
2006-01-01,19,13,Italy,3.0,7.0,1.0,11.0
2006-01-01,19,14,West Germany,0.0,0.0,0.0,0.0
2006-01-01,19,15,Netherlands,4.0,5.0,0.0,9.0
2006-01-01,19,16,Unified Team of Germany,0.0,0.0,0.0,0.0
2006-01-01,19,17,Japan,1.0,0.0,0.0,1.0
2006-01-01,19,18,Poland,1.0,1.0,0.0,2.0
2006-01-01,19,19,Soviet Union,0.0,0.0,0.0,0.0
2006-01-01,19,20,"Korea, North",0.0,0.0,0.0,0.0
2006-01-01,19,21,East Germany,0.0,0.0,0.0,0.0
2006-01-01,19,22,Romania,0.0,0.0,0.0,0.0
2006-01-01,19,23,Spain,0.0,0.0,0.0,0.0
2006-01-01,19,24,Liechtenstein,0.0,0.0,0.0,0.0
2006-01-01,19,25,Bulgaria,1.0,0.0,0.0,1.0
2006-01-01,19,26,Yugoslavia,0.0,0.0,0.0,0.0
2006-01-01,19,27,China,7.0,2.0,2.0,11.0
2006-01-01,19,28,Unified Team,0.0,0.0,0.0,0.0
2006-01-01,19,29,"Korea, South",4.0,7.0,0.0,11.0
2006-01-01,19,30,Luxembourg,0.0,0.0,0.0,0.0
2006-01-01,19,31,New Zealand,0.0,0.0,0.0,0.0
2006-01-01,19,32,Australia,1.0,1.0,0.0,2.0
2006-01-01,19,33,Belarus,0.0,1.0,0.0,1.0
2006-01-01,19,34,Kazakhstan,0.0,0.0,0.0,0.0
2006-01-01,19,35,Russia,11.0,9.0,2.0,22.0
2006-01-01,19,36,Slovenia,0.0,0.0,0.0,0.0
2006-01-01,19,37,Ukraine,1.0,0.0,1.0,2.0
2006-01-01,19,38,Uzbekistan,0.0,0.0,0.0,0.0
2006-01-01,19,39,Czech Republic,2.0,2.0,0.0,4.0
2006-01-01,19,40,Denmark,0.0,0.0,0.0,0.0
2006-01-01,19,41,Croatia,2.0,1.0,0.0,3.0
2006-01-01,19,42,Estonia,2.0,1.0,0.0,3.0
2006-01-01,19,43,Latvia,0.0,1.0,0.0,1.0
2006-01-01,19,44,Slovakia,0.0,1.0,0.0,1.0
